Link,Title,Location,Company
https://kr.indeed.com/viewjob?jk=e67716c26d372980,TeraVM Field Applications Engineer,서울,Viavi Solutions
https://kr.indeed.com/viewjob?jk=6d389529bece608b,자동차 전장 Security 분야 전문가,서울 강서구,LG전자
https://kr.indeed.com/viewjob?jk=9d2eee513761aded,DB Engineer 모집,성남 판교역,카카오
https://kr.indeed.com/viewjob?jk=b574f1454ae36aab,Cross Border Ecommerce - Business Intelligence (Based in Seo...,서울,Shopee
https://kr.indeed.com/viewjob?jk=beb5a41079b3df10,[신사업부문] 클라우드 솔루션스 아키텍트 경력채용 (대리 ~ 사원급),서울,한화그룹
https://kr.indeed.com/viewjob?jk=c41af20fbf0580eb,Solutions Architect,서울,Snowflake
https://kr.indeed.com/viewjob?jk=fbbb4f2637c9bbe9,컴퓨터비전 개발자 경력 정규직,서울 성동구,라이트비전
https://kr.indeed.com/viewjob?jk=309dbeab00e5c986,(주)테크로스 2022년도 신입/경력 (부산/화성),부산 강서구,테크로스
https://kr.indeed.com/viewjob?jk=a8fa45ffec50d852,Developer - Cloud Infrastructure,서울,SAP
https://kr.indeed.com/viewjob?jk=21d728ad0cbb21d3,2022년 HuStar 경북 혁신아카데미 4기 교육생,경상북도,경북테크노파크
https://kr.indeed.com/viewjob?jk=699290df1b545c5d,아비커스 경력 및 신입사원,서울,아비커스
https://kr.indeed.com/viewjob?jk=3b0b25d7cdb97839,TikTok Content Strategy Manager,서울,TikTok
https://kr.indeed.com/viewjob?jk=16bef2be27515eef,경영지원부문 신입사원 채용,서울 평동,DL이앤씨
https://kr.indeed.com/viewjob?jk=ea87946886c8b0ad,Customer Solutions Engineer globalClient and AgencySolutions,서울 강남구,구글코리아
https://kr.indeed.com/viewjob?jk=3b1aacc7e45f068a,농업정책보험금융원 신규직원,서울,농업정책보험금융원
https://kr.indeed.com/viewjob?jk=b6eea437d4af95fd,[더블유게임즈 자회사] 기획/디자인/개발/데이터분석,서울 강남구,더블다운인터액티브
https://kr.indeed.com/viewjob?jk=2f218efc7f8e3e59,[대기업] 데이터 엔지니어 (BI 개발) 과차장급,서울,에이치알니즈
https://kr.indeed.com/viewjob?jk=613e8260c0a33e9d,[NAVER Cloud] 빅데이터 분석 플랫폼 엔지니어,성남 분당구,네이버클라우드
https://kr.indeed.com/viewjob?jk=6d4fbb79bc9dcd07,Cloud Solution Engineer,서울,Oracle
https://kr.indeed.com/viewjob?jk=bf4c86903450dee0,소프트웨어 개발자 (WebRTC UC & Collaboration Frontend & Backend Deve...,서울,Ericsson
https://kr.indeed.com/viewjob?jk=8c8c96a3ffac77f8,데이터 엔지니어 경력 정규직,서울 중구,아이디케이스퀘어드
https://kr.indeed.com/viewjob?jk=e14c442c46108e61,[정규직] 5G Core 프로그래머,서울 중구,플랙토리
https://kr.indeed.com/viewjob?jk=8ecedf5f94e80b3b,[TmaxOS/R&D] OS부문 개발자(2022년 상반기 신입 공채(Frontier 8기) 및 경력직),성남 분당구,티맥스소프트
https://kr.indeed.com/viewjob?jk=915b6c68628695d6,AI Research Engineer - Intel Contract,서울,Intel
https://kr.indeed.com/viewjob?jk=e34c06d01e1f387e,[NAVER Cloud] 리눅스 배포판 개발,성남 분당구,네이버클라우드
https://kr.indeed.com/viewjob?jk=8c32b5db8ab28c7d,"[광고 추천] 데이터 과학자, 기계학습(머신러닝) 전문가 모집",성남 판교역,카카오
https://kr.indeed.com/viewjob?jk=5038d3a583eea7cb,AI R&D 데이터플랫폼 엔지니어 모집,성남 판교역,엔씨소프트
https://kr.indeed.com/viewjob?jk=e44a6678f361ff46,Machine Learning Consultant (A.I. Marketing Technology),서울,Appier
https://kr.indeed.com/viewjob?jk=4022f49bc50ef230,인프라보안 엔지니어,성남 판교역,NHN
https://kr.indeed.com/viewjob?jk=75d3dcc0d2c3f37f,Tier-3 Support Engineer,서울,Cybereason
https://kr.indeed.com/viewjob?jk=b4a7ac21faba2e67,검색 인프라 엔지니어,서울 서초구,당근마켓
https://kr.indeed.com/viewjob?jk=a52f89dacec5f2c5,백엔드 경력 정규직,서울 성동구,라이트비전
https://kr.indeed.com/viewjob?jk=ef83fe4e6441cae1,Data Scientist (IBM Client Engineering),서울,IBM
https://kr.indeed.com/viewjob?jk=844a7d20e4e15362,Associate Integration Engineer,서울,SS&C Technologies
https://kr.indeed.com/viewjob?jk=5c6fe384fabdbd45,서버 백 엔드 개발자,서울 마포구,셀메이트
https://kr.indeed.com/viewjob?jk=fd8b0de646d7e63a,데이터 분석 전문가 모집,성남 판교역,엔씨소프트
https://kr.indeed.com/viewjob?jk=04d685fc70b67d4e,Linux/Python/PHP/MySQL/백엔드 정규직 경력,용인 보정동,일루미나리안
https://kr.indeed.com/viewjob?jk=a692f83229bd339f,Datacenter Engineer,서울,Oracle
https://kr.indeed.com/viewjob?jk=db4a5711c648bf69,Cloud Architect - Cloud Native,서울,Oracle
https://kr.indeed.com/viewjob?jk=40feb5009f03b3f2,2. 인프라개발팀 백엔드 개발자,성남 분당구,카카오브이엑스 (KAKAO VX)
https://kr.indeed.com/viewjob?jk=34f22fafb415ec3c,Data Analyst,서울 영등포구,뱅크샐러드
https://kr.indeed.com/viewjob?jk=ae8705206d8ae829,"Lead Software Engineer, Search",서울 강남구,구글코리아
https://kr.indeed.com/viewjob?jk=3e1b8e1243910f18,eBeam System Engineer for R&D Extension Korea,경기도 화성,Applied Materials Inc.
https://kr.indeed.com/viewjob?jk=a0dda478567db352,"(주)트윔 개발자(경력직) 빅데이터,영상처리,머신비전/AI 딥러닝",경기도 화성,트윔
https://kr.indeed.com/viewjob?jk=c3f8b11f7635fc0f,자동차 전장 SW Engineering 분야 전문가,서울 강서구,LG전자
https://kr.indeed.com/viewjob?jk=5dd25746d945e947,빅데이터분석 담당자 in 자원순환 모바일 앱 스타트업,서울 성동구,그레이프 파트너즈
https://kr.indeed.com/viewjob?jk=b8fadace285c749d,[2022년도 상반기] [연구개발 부문] 연구원 (MCU 계측제어설계/머신비전/이미지프로세싱),경기도 광명,모든
https://kr.indeed.com/viewjob?jk=1e8539a3b6e3380d,[현장코칭](주)대연씨앤아이 웹솔루션 개발 사원 (JAVA/Python),서울 구로구,대연씨앤아이
https://kr.indeed.com/viewjob?jk=40de6a4b81f8724f,[전문연구요원 신규편입/전직] 의료영상/음성인식/생체신호 연구원,서울 서초구,뷰노코리아
https://kr.indeed.com/viewjob?jk=c0574107a4de85c1,로데슈바르즈코리아 연구소 개발자,서울 강남구,로데 슈바르즈 코리아
https://kr.indeed.com/viewjob?jk=35f0a25dee5f3312,딥러닝 알고리즘 및 응용 Engineer,성남 분당구,딥엑스
https://kr.indeed.com/viewjob?jk=1e8539a3b6e3380d,[현장코칭](주)대연씨앤아이 웹솔루션 개발 사원 (JAVA/Python),서울 구로구,대연씨앤아이
https://kr.indeed.com/viewjob?jk=b3a6c83c9debcb92,네이버 파이낸셜 플랫폼 운영,성남 삼평동,NIT Service
https://kr.indeed.com/viewjob?jk=6ab03a3c5adbae26,[실내배송로봇 연구개발] - Robotics Software Engineer,서울 강서구,로보티즈
https://kr.indeed.com/viewjob?jk=bb510267fe977bff,C++ Developer for High-Performance Cloud Database,서울,SAP
https://kr.indeed.com/viewjob?jk=f0fa048255eee14e,"인공지능(AI), 머신러닝(ML) 외 경력 정규직",서울 영등포구,시스메틱
https://kr.indeed.com/viewjob?jk=b96f47b94d8b88a4,Data Scientist 신입 채용,서울 역삼동,컬리
https://kr.indeed.com/viewjob?jk=5331de34a85a125a,[코그넥스] 딥러닝 연구원 (신입/경력/전문연구요원),서울 서초구,코그넥스코리아
https://kr.indeed.com/viewjob?jk=3e7b756ca8ec169f,가상화 엔지니어 정규직,서울 서초구,다원커리어
https://kr.indeed.com/viewjob?jk=28b343c3943a7dca,"웹개발, 백엔드 외 경력 정규직",서울 성동구,핀후드
https://kr.indeed.com/viewjob?jk=e01c02615f0268fa,"Software Engineer, Data Platform",서울,Sendbird
https://kr.indeed.com/viewjob?jk=eff6d38d4767ff87,Software Engineer,서울,Boston Consulting Group
https://kr.indeed.com/viewjob?jk=51d1df9a3cfbe418,(주)엘솔루 R&D본부 ASR팀 개발직,서울,㈜엘솔루
https://kr.indeed.com/viewjob?jk=c4145dce440c02f8,[전문연구요원 신규편입/전직] SW Engineer/Backend/Frontend 개발자,서울 서초구,뷰노코리아
https://kr.indeed.com/viewjob?jk=39427ec4c6e2abfc,웹 개발자 / 백앤드 개발자 경력직,서울 마포구,에스알유니버스
https://kr.indeed.com/viewjob?jk=56523d2ce6f8d860,NHN Cloud 인프라 서비스 개발,성남 판교역,NHN
https://kr.indeed.com/viewjob?jk=74ef43a1bda57e7d,Data Analyst - Korea,서울 강남구,MOLOCO
https://kr.indeed.com/viewjob?jk=109c5533ffdaaa84,[DB금융투자] 2021년 하반기 신입사원 모집,서울 대치동,DB그룹
https://kr.indeed.com/viewjob?jk=340fa2d2204cf879,"Cloud AI Engineer, Professional Services",서울,Google
https://kr.indeed.com/viewjob?jk=c7d52aeb22295927,데이터표준품질부문 경력직 (정규직),서울 강남구,한국정보기술단
https://kr.indeed.com/viewjob?jk=db86535452560e20,[EY컨설팅] 금융컨설팅본부 리스크관리 경력 컨설턴트 모집,서울 영등포구,EY
https://kr.indeed.com/viewjob?jk=3e96bc531d76390a,가우스랩스 Computer Vision & Image Processing Applied Scientist,서울특별시,가우스랩스
https://kr.indeed.com/viewjob?jk=ac9068957c550cb3,데이터 전문가(모델러/분석가/엔지니어) 모집,성남 판교역,카카오
https://kr.indeed.com/viewjob?jk=dd1466e89a1e87b0,Cloud Solution Architect,서울,Oracle
https://kr.indeed.com/viewjob?jk=1748baa27965fdbf,"MVP 개발 엔지니어(서버, 웹프론트) (정규직, 계약직, 프리랜서)",대전 중구,더테스터
https://kr.indeed.com/viewjob?jk=45ef50c3481fd92f,[신용리스크모델링 Intern] 개인 신용평가모형 개발 및 운영직(채용 연계형),성남 삼평동,카카오뱅크
https://kr.indeed.com/viewjob?jk=8d05eb89c3dfb9f3,IT/AI 개발 팀원/팀장,서울 용산구,제이로고스
https://kr.indeed.com/viewjob?jk=25d823b03a3113d5,Sr. Application Engineer - AMS,경기도 성남,Siemens
https://kr.indeed.com/viewjob?jk=4b2a1872bad49fc2,소프트웨어 프로그래머 경력/신입,고양 덕양구,코드원
https://kr.indeed.com/viewjob?jk=be44e36acba57f57,[마포] 신약개발 빅데이터 인공지능 모델 개발 및 분석,서울 마포구,시니어앤파트너즈
https://kr.indeed.com/viewjob?jk=472a566764a39530,챗봇 개발자,서울 마포구,에스알유니버스
https://kr.indeed.com/viewjob?jk=f7bcab2e4a6349c9,"DynamoDB Solutions Architect , World Wide Specialists, Datab...",서울,Amazon Web Services Korea LLC
https://kr.indeed.com/viewjob?jk=b71a0a39cafc452c,신입 및 경력직원 채용[금융공학연구소],서울 여의도,KIS채권평가
https://kr.indeed.com/viewjob?jk=3ee36bdc09e03808,Korea - Site Reliability Engineering Lead,서울,Nike
https://kr.indeed.com/viewjob?jk=970473cf9933b809,Security/ASDL 경력인재 - 자동차 전장부품 우량대기업,서울,에스에프인촌
https://kr.indeed.com/viewjob?jk=643ef4db65461d01,"[(주)데이터누리] Java 개발자 신입, 경력",서울 강서구,데이터누리
https://kr.indeed.com/viewjob?jk=5b015b9613812d9d,Customer Data Analyst,서울,Motion2AI
https://kr.indeed.com/viewjob?jk=61538ab2446879df,채권운용팀 직원 (기한연장),대한민국,멀티에셋자산운용
https://kr.indeed.com/viewjob?jk=e5aa725f930d6b32,Data Engineer,서울 강남구,뤼이드
https://kr.indeed.com/viewjob?jk=9f0ce22eee4259bb,"교육 기획/운영, 시스템 기획",서울 성동구,매직에코
https://kr.indeed.com/viewjob?jk=dc74730c92ce5050,Data Scientist,서울 영등포구,뱅크샐러드
https://kr.indeed.com/viewjob?jk=ced15ce8e8c9c0b8,[진행중] 우리은행 AI사업부 전문직(인공지능[AI]모델링) 채용공고,서울 회현동,우리은행
https://kr.indeed.com/viewjob?jk=d158e683dc0b7500,파이썬 개발자 초중급 이상,서울 서초구,데이터앤솔루션
https://kr.indeed.com/viewjob?jk=53f97fb4fe79e550,반도체 회로설계,성남 판교역,해외기업 으로서 15년 연혁 / 1000명 이상 규모
https://kr.indeed.com/viewjob?jk=649ccf047c868778,"금융 데이터 분석 엔진, 로보어드바이저 개발자",서울 영등포구,에스비씨엔
https://kr.indeed.com/viewjob?jk=4c25d6649f8434a8,[외국계 스타트업 미소] Business Analyst Intern (정규직 전환형),서울,유한회사 미소
https://kr.indeed.com/viewjob?jk=1973de0152f80756,CDN / Cloud 서비스 매니저 사원,서울 강남구,씨디네트웍스
https://kr.indeed.com/viewjob?jk=3914b6f3e8f672ff,[IQVIA] Data Scientist (Clinical Plan Analyst/대리),서울 중구,아이큐비아
https://kr.indeed.com/viewjob?jk=bec33b19427238a4,(주)작당모의 앱 개발자,서울 서초구,작당모의
https://kr.indeed.com/viewjob?jk=ba6a0ebb6ad9cd18,IT 인프라 운영 도구 개발,성남 판교역,NHN
https://kr.indeed.com/viewjob?jk=df21e3bb5d773616,Python Programmer,서울 서초구,Mofac
https://kr.indeed.com/viewjob?jk=f2abe214044a2314,"딥러닝, 사업기획 신입/경력 정규직, 인턴",성남 수정구,시티아이랩
https://kr.indeed.com/viewjob?jk=3544467a7b64376f,[전문연구요원] 의료영상 리서치 엔지니어 정규직,서울 마포구,메디픽셀
https://kr.indeed.com/viewjob?jk=f4ec03cd95647453,AI Research Engineer Intern,서울,Intel
https://kr.indeed.com/viewjob?jk=12f3c94eaa1f8b78,Chip & Circut 분야 연계형 인턴,서울 서초구,LG전자
https://kr.indeed.com/viewjob?jk=c35e0100a6fa97dd,각 부문별,서울 강남구,현대오토에버
https://kr.indeed.com/viewjob?jk=397a412559c606fa,"Charging Operations Specialist, APAC Charging (English Speak...",서울,Tesla
https://kr.indeed.com/viewjob?jk=d7e5f9d0302e78e2,"[대기업] 딥러닝 (AI, 영상인식) 전문가 (석박사급)",서울,비에이블컨설팅그룹
https://kr.indeed.com/viewjob?jk=cae2de07045cfb2b,"Java, Python 영상툴 개발자",서울 마곡동,에이아이메이커
https://kr.indeed.com/viewjob?jk=3a96682f2758e494,2022년 경력직 (제2022-2차),서울 금천구,한국건설생활환경시험연구원
https://kr.indeed.com/viewjob?jk=bab0eaf4530c8380,2022년 1월 경력사원 (품질),청주 오창읍,LG에너지솔루션
https://kr.indeed.com/viewjob?jk=1fd963b87d62d30a,한화시스템/방산 2021년 한화시스템 방산부문 신사업분야 경력사원,성남 분당구,한화시스템
https://kr.indeed.com/viewjob?jk=7143ba7b6c69f7a4,"2022년 상반기 딥러닝, 사업기획 신입/경력 정규직, 인턴",성남 수정구,시티아이랩
https://kr.indeed.com/viewjob?jk=c793a3ef3425f495,빅데이터 분석 기술인력 (정규직),서울 강남구,한국정보기술단
https://kr.indeed.com/viewjob?jk=a8dd956d30f8e45f,[SPC GFS] 2022 각 부문 신입/경력사원,성남 중원구,에스피씨지에프에스
https://kr.indeed.com/viewjob?jk=4490eb4cee00caaa,2022년 상반기 신입/경력 공개,성남 분당구,윈스
https://kr.indeed.com/viewjob?jk=5ea9ea023c6ccc03,"S/W 엔지니어, 데이터분석 신입/경력 정규직, 인턴",성남 분당구,가치랩스
https://kr.indeed.com/viewjob?jk=62dd9658c5554aff,KAIST 문술미래전략대학(김형준 교수 연구실) 위촉연구원 채용 공고,대전 유성구,카이스트
https://kr.indeed.com/viewjob?jk=9a566cd39fbd5b82,PDM사업 경력사원,서울 영등포구,한화시스템
https://kr.indeed.com/viewjob?jk=e5dfdd5145462c7c,[KSTEC] 통계/Analytics 신입 및 경력사원,성남 분당구,지식시스템
https://kr.indeed.com/viewjob?jk=0eef103f5381365d,CX Consulting Engineer (DC/Automation),서울,Cisco Systems
https://kr.indeed.com/viewjob?jk=14d562d10c215572,"PHP, Python 신입/경력 정규직",서울 금천구,비즈부스터
https://kr.indeed.com/viewjob?jk=45b22fa764b0dae9,"빅데이터, 인공지능(AI) 외 신입 인턴",서울 종로구,레드테이블
https://kr.indeed.com/viewjob?jk=42d49f48c843544d,2022년 1월 경력사원 (제조지능화),청주 오창읍,LG에너지솔루션
https://kr.indeed.com/viewjob?jk=3d1690b2dd2249f8,"[K디지털 트레이닝] 전액 국비지원 IT취업연계 교육 빅데이터, 인공지능",서울 마포구,중앙정보처리학원
https://kr.indeed.com/viewjob?jk=016de9bb83a8032d,JR0186078 AI Research Engineer Intern,서울,인텔코리아
https://kr.indeed.com/viewjob?jk=da9b34d987d05d7e,경력사원 공개,대한민국,현대로보틱스
https://kr.indeed.com/viewjob?jk=e05251e6eecfa255,5G R&D 소프트웨어 개발자,서울,Ericsson
https://kr.indeed.com/viewjob?jk=b01ea7a6f3b38982,[NAVER Z] 데이터 엔지니어,성남 분당구,네이버제트
https://kr.indeed.com/viewjob?jk=b3ba8c24ccc0e74e,[TmaxOS/R&D] OS부문 개발자(2022년 상반기 신입 공채(Frontier 8기) 및 경력직 ),성남 분당구,티맥스그룹
https://kr.indeed.com/viewjob?jk=79fb95da6dff4025,하반기 신입(채용 연계형 인턴) 수시채용,서울 마곡동,홈앤쇼핑
https://kr.indeed.com/viewjob?jk=6fa6b82e8b261430,2022년 1월 경력사원 (설비기술),청주 오창읍,LG에너지솔루션
https://kr.indeed.com/viewjob?jk=12f94257204952e1,모바일 운영서비스 빌드/배포/테스트 자동화 개발자,서울 마포구,브롤브
https://kr.indeed.com/viewjob?jk=7417ac528f0197f0,Software Developer & Verification,서울,Ericsson
https://kr.indeed.com/viewjob?jk=2c9ffcc9fd90342d,Looking for Developer with Python language for NFT Generator,서울•원격 근무,Ino Partners
https://kr.indeed.com/viewjob?jk=4d6366a69e32d9a9,Metaverse 서비스 Graphics 개발자,서울 중구,에스케이텔레콤
https://kr.indeed.com/viewjob?jk=51df90967b46e8f0,[외국계 스타트업 미소] Business Analyst,서울,유한회사 미소
https://kr.indeed.com/viewjob?jk=f955daa479297f09,인공지능(AI) 개발자 신입/경력 정규직,서울 강남구,애드
https://kr.indeed.com/viewjob?jk=31085d2eafca1fb6,"KAIST 지속발전센터 연구원 모집 공고 [연수연구원, 위촉연구원] 서울캠퍼스(홍릉)",대전 유성구,카이스트
https://kr.indeed.com/viewjob?jk=f8691758f74c5242,Support Engineer- Developer,서울,Microsoft
https://kr.indeed.com/viewjob?jk=e573e021debd6887,Associate Solutions Architect,서울,Amazon Web Services Korea LLC
https://kr.indeed.com/viewjob?jk=8f3ba3a550a308ee,"데이터 표준화, 통합 및 분석",서울 서초구,베니트글로벌
https://kr.indeed.com/viewjob?jk=d3a80f6251c8d2ce,AI Frameworks Engineer Intern,서울,Intel
https://kr.indeed.com/viewjob?jk=8cc372a6b78679b1,"인공지능(AI), Python(응용프로그램 개발자) 외 신입/경력 정규직",서울 성북구,쿠노소프트
https://kr.indeed.com/viewjob?jk=71c47ac87bb4087e,기술 인턴 인공지능 응용 연구/개발 인턴,서울 관악구,써로마인드로보틱스
https://kr.indeed.com/viewjob?jk=a2b34d4b943e564a,한국여성공학기술인협회 이공계 여성 R&D기반 예비창업 기초교육,서울 강남구,한국여성공학기술인협회
https://kr.indeed.com/viewjob?jk=f8af01e159a4ec71,사물인터넷(IoT) 개발자,경기도 파주,큐빅스
https://kr.indeed.com/viewjob?jk=9bbfde6355ca2d7a,당근마켓 전 직군,서울 서초구,당근마켓
https://kr.indeed.com/viewjob?jk=2e1cdadc743d5a7d,데이터 분석 및 검색/추천 서비스 기획 경력사원,서울특별시,LG유플러스
https://kr.indeed.com/viewjob?jk=5399a1e7606f553c,2022년 1월 경력사원 (MI/경영전략/서비스신사업/투자/DX),서울 영등포구,LG에너지솔루션
https://kr.indeed.com/viewjob?jk=87985ee884920551,Business Analyst,서울,Numerix Korea Ltd
https://kr.indeed.com/viewjob?jk=2b9e604e63e7e46d,[카카오커머스] 기술직군,성남 분당구,카카오커머스
https://kr.indeed.com/viewjob?jk=ef98c82fd130b9e1,AI 연구 개발,성남 판교역,NHN
https://kr.indeed.com/viewjob?jk=a98286272ea4a436,(주)아이옵스 SAR 위성영상 활용 신입/경력,대전 유성구,아이옵스
https://kr.indeed.com/viewjob?jk=e91b5984e7f5d3fd,"데이터베이스개발자, 웹개발 신입/경력 정규직",서울 영등포구,여의도사람들
https://kr.indeed.com/viewjob?jk=19da3484bd7a72f1,Machine Learning R&D 연구원,서울 서초구,카이어
https://kr.indeed.com/viewjob?jk=c5c6ebe82bf299da,[전액무료] IT취업 JAVA기반 프론트엔드&백엔드 개발 국비교육생,서울 종로구,에이콘아카데미
https://kr.indeed.com/viewjob?jk=3cd339cf8959f44d,생명정보학 부문 박사졸 선임연구원 정규직 정규직,서울 서대문구,카이팜
https://kr.indeed.com/viewjob?jk=f384026e8fdd4b35,솔루션(웹/서버/통신) 프로그램 개발,서울 중구,잇팩
https://kr.indeed.com/viewjob?jk=ec28b4a12fadf567,BigData 개발 및 운영 담당 영입,성남 분당구,카카오페이증권
https://kr.indeed.com/viewjob?jk=8d99d6e1f6ce1bfe,RPA Consultant,서울,UiPath
https://kr.indeed.com/viewjob?jk=155996bae21250a5,"[Robotics] Robotics Software Engineer, Sensor System",서울,네이버
https://kr.indeed.com/viewjob?jk=7b091681f7106dcd,Head of Technical Writing,서울,Sendbird
https://kr.indeed.com/viewjob?jk=192c20f6f0f64ab3,[2022 전문연구요원] AI R&D - Language AI,성남 판교역,엔씨소프트
https://kr.indeed.com/viewjob?jk=a564ef713dce7f26,Sr. Network Engineer,서울,Harman International
https://kr.indeed.com/viewjob?jk=f21952a2d7a0bfd8,"[Robotics] Robotics Software Engineer, Navigation",서울,네이버
https://kr.indeed.com/viewjob?jk=88081c9ac030e577,데이터 엔지니어,서울 서초구,당근마켓
https://kr.indeed.com/viewjob?jk=b2eb1fe78ff9ee5f,[대기업] 데이터분석가 경력 (대리~과장급 2명),서울,에이치알니즈
https://kr.indeed.com/viewjob?jk=d83fc0dd2641f483,전문연구요원 (병역특례) 수시 (AI / SW 분야),성남 분당구,딥엑스
https://kr.indeed.com/viewjob?jk=fc037709d0770796,System SW 엔지니어,성남 분당구,딥엑스
https://kr.indeed.com/viewjob?jk=ccd4f5407a32ba6a,Data Scientist,서울,Boston Consulting Group
https://kr.indeed.com/viewjob?jk=62656c9fa7cbb105,침해분석대응 (CERT) 인력 모집,성남 판교역,엔씨소프트
https://kr.indeed.com/viewjob?jk=ae8564b6a7e63ad2,"시스템개발자(JAVA, JSP, MySQL)",서울 용산구,스피치로그
https://kr.indeed.com/viewjob?jk=de4846ca13ae739e,"Graduate Software Engineer, Linux-based development",서울,Canonical - Jobs
https://kr.indeed.com/viewjob?jk=9b63b5f993896a6b,Product Engineer - MPC/MDP/MDM,경기도 성남,Siemens Electronic Design Automation (Korea) LLC
https://kr.indeed.com/viewjob?jk=ad07d6a330fb619a,NHN Cloud 운영 및 기술지원,성남 판교역,NHN
https://kr.indeed.com/viewjob?jk=e37ba9dca2e4da16,[DI팀] 기계학습 Engineer (개인화 및 추천),서울 강남구,야놀자
https://kr.indeed.com/viewjob?jk=7bb4271b5ecdb9a4,동국대학교 데이터분석팀 연구원(계약직) 채용공고,서울 필동,동국대학교
https://kr.indeed.com/viewjob?jk=aa2836bca0adca28,Business Analyst,서울,Numerix
https://kr.indeed.com/viewjob?jk=e658236007117d98,Junior Business Analyst (Non-tech),서울,Coupang
https://kr.indeed.com/viewjob?jk=031eec3794f09645,데이터 서비스/플랫폼 개발,성남 판교역,NHN
https://kr.indeed.com/viewjob?jk=d0a8ab481bb3fa3c,11번가 데이터 아키텍처/데이터 엔지니어 분야,서울 중구,십일번가
https://kr.indeed.com/viewjob?jk=919f3e5da2efbc55,머신러닝/딥러닝 모델 기반 음성인식 서비스 백엔드 개발자,서울 구로구,프렌즈몬
https://kr.indeed.com/viewjob?jk=f42242989b39b5e1,자동차 전장 ADAS SW 분야 전문가,서울 강서구,LG전자
https://kr.indeed.com/viewjob?jk=00de2b26815d022e,[웹젠] DBA(신입),성남 분당구,웹젠
https://kr.indeed.com/viewjob?jk=2f56d4b70c1df086,하반기 인턴직 모집,서울 을지로2가,한솔그룹
https://kr.indeed.com/viewjob?jk=ab58a5f77dd9c9c8,[NAVER Cloud] 빅데이터 분석 플랫폼 개발,성남 분당구,네이버클라우드
https://kr.indeed.com/viewjob?jk=2642a83874ea6bab,"영상처리, 컴퓨터 비전 전문가 (신입/경력)",성남 수정구,에바
https://kr.indeed.com/viewjob?jk=5845bda17d17b7cf,PDM사업 경력사원 채용,서울,한화그룹
https://kr.indeed.com/viewjob?jk=22d44a65a579f52a,광학솔루션사업부 R&D 신입 석/박사,경기도 안산,LG이노텍
https://kr.indeed.com/viewjob?jk=891485cc2a8e6779,인공지능 솔루션 (AI Solution) 개발,서울 서초구,카이어
https://kr.indeed.com/viewjob?jk=3b7dbdf85a326a6d,국내 대기업 - AI 및 딥러닝 관련 경력자,서울,라피플코리아리미티드
https://kr.indeed.com/viewjob?jk=63fe23c48e8befdf,대기업 계열 자동차 전장회사 AI/DX 전문가 (연구위원),서울 강서구,풀림
https://kr.indeed.com/viewjob?jk=9193b9de45a0ac1c,Embedded Software Engineer - Connected,경기도 성남,GE Appliances
https://kr.indeed.com/viewjob?jk=78e99625e5de3c95,전문연구요원 (병역특례) 수시 (AI / HW 분야),성남 분당구,딥엑스
https://kr.indeed.com/viewjob?jk=c35e9b72a11aa338,[신입/경력] 의료영상/음성인식/생체신호 연구원,서울 서초구,뷰노코리아
https://kr.indeed.com/viewjob?jk=21ba056946e5abdf,"Solutions Architect - AMAZON Web Services, Korea",서울,Amazon Web Services Korea LLC
https://kr.indeed.com/viewjob?jk=6cfffc13b8a012c3,Product Test Engineer,서울,NVIDIA
https://kr.indeed.com/viewjob?jk=ce00cf0fe3bbd130,[실내배송로봇 연구개발] - Computer Vision & Machine learning,서울 강서구,로보티즈
https://kr.indeed.com/viewjob?jk=b25a378d97c7a56c,AI 서비스/시스템 개발,성남 판교역,NHN
https://kr.indeed.com/viewjob?jk=5fc53d8ce25c05f7,IT 개발 총 책임자,서울 성동구,핀후드
https://kr.indeed.com/viewjob?jk=0b8954820c552c3b,Korea - Lead Data Analyst,서울,Nike
https://kr.indeed.com/viewjob?jk=d34c6bcf82ac024e,[한국조선해양] '22년 빅데이터 AI 담당자,성남 분당구,현대중공업그룹
https://kr.indeed.com/viewjob?jk=78d7329422e955ea,Applications Engineer (Monitoring Applications),서울,National Instruments
https://kr.indeed.com/viewjob?jk=0e25160b5a1d095f,[유통 대기업] Business Analyst(비지니스분석가) 과차장급,서울,에이치알니즈
https://kr.indeed.com/viewjob?jk=3600e973f46b50f1,KAIST 문화기술연구소 비주얼미디어연구실(노준용 교수) 연수연구원 및 위촉연구원 모집 공고,대전 유성구,카이스트
https://kr.indeed.com/viewjob?jk=c7706f6a726a90bc,2022-1회 인지 및 사회성 연구단 연구직 및 연구기술직,대전,기초과학연구원
https://kr.indeed.com/viewjob?jk=e29bd57c416ee579,인재 Pool 등록,대한민국,S&I Corp.
https://kr.indeed.com/viewjob?jk=e30fe92d72ceb17c,"자율 주행, 로봇 SW 개발자",성남 수정구,에바
https://kr.indeed.com/viewjob?jk=0531cea7fd91199b,AWS Internship Program - Solutions Architect (January to Jun...,서울,Amazon Web Services Korea LLC
https://kr.indeed.com/viewjob?jk=30e17a7d8ce9d4d4,Software Engineer,서울,UJET
https://kr.indeed.com/viewjob?jk=733b814969bff5a7,Jr. Back-end Engineer (Python),서울 강남구,Soomgo
https://kr.indeed.com/viewjob?jk=04c31e4f5c277f31,"Software Engineer, Robotics",서울,Bear Robotics
https://kr.indeed.com/viewjob?jk=1bb3ad92965d09e9,Network Engineer (Linux/Python),경기도 화성,KLA
https://kr.indeed.com/viewjob?jk=da9fa7139144081b,[클라우드플랫폼실] System Engineering팀 클라우드 엔지니어,서울 강남구,야놀자
https://kr.indeed.com/viewjob?jk=88a59364cd7a0fa1,Support Engineer-PaaS Dev,서울,Microsoft
https://kr.indeed.com/viewjob?jk=8af26b37623864c4,8퍼센트 개발자 (신입/경력),서울 종로구,8퍼센트
https://kr.indeed.com/viewjob?jk=6a056c1771ae56b8,Data Engineer & Scientist,서울 영등포구,LG전자
https://kr.indeed.com/viewjob?jk=e7c8c2b11f24fb43,Software Engineer,서울,Google
https://kr.indeed.com/viewjob?jk=aee1c996cddcbb2e,AI Research Engineer,서울,Intel
https://kr.indeed.com/viewjob?jk=e623a027561bbeb3,Associate Software Engineers (Embedded Avionics systems - So...,서울,BOEING
https://kr.indeed.com/viewjob?jk=8111c2d5817c3e0e,인공지능 (AI) 딥러닝 연구 개발자,서울 마포구,에스알유니버스
https://kr.indeed.com/viewjob?jk=39b4c349f0d85ecc,Python Junior Backend Developer,서울,Dable
https://kr.indeed.com/viewjob?jk=87309d3ff40ead61,딥러닝 AI 개발 연구원,성남 수정구,베이리스
https://kr.indeed.com/viewjob?jk=112566541738ad42,Software Developer 3,대한민국,Oracle
https://kr.indeed.com/viewjob?jk=abcbb3282b50f027,Korea - Enterprise Data & Analytics Engineering Manager,서울,Nike
https://kr.indeed.com/viewjob?jk=d7e9da4d32399dfe,침해사고 분석/대응 및 보안장비 운영 담당자 모집,성남 판교역,카카오
https://kr.indeed.com/viewjob?jk=f54bac6c78fd3240,코딩에 빠진 수퍼 개발자 (펌웨어 개발),성남 수정구,에바
https://kr.indeed.com/viewjob?jk=ec5c7ccd76639120,[외국계 스타트업 미소] Data Analyst,서울,유한회사 미소
https://kr.indeed.com/viewjob?jk=f719971f5df4f2d6,딥러닝 영상 SW 개발 (서울 경력/석사),서울 구로구,지오비전
https://kr.indeed.com/viewjob?jk=3a8003aa626ae7f6,웹 크롤링 경력직,서울 강서구,오피니언라이브
https://kr.indeed.com/viewjob?jk=af48d2a5f62ba0db,ADAS카메라 System SW개발 경력인재 [자동차부품 우량대기업],서울,에스에프인촌
https://kr.indeed.com/viewjob?jk=a89f5e3486cccd04,[TmaxAI/R&D] NLP(자연어음성)부문 서비스 프론트 & 백엔드 개발자(2022년 상반기 신입 공채(...,성남 분당구,티맥스소프트
https://kr.indeed.com/viewjob?jk=3f1dd5ba441be16c,[TmaxEdu/R&D] 연구 개발자(2022년 상반기 신입 공채(Frontier 8기) 및 경력직),성남 분당구,티맥스소프트
https://kr.indeed.com/viewjob?jk=b6d169aa029a45a6,[강남/스타트업] 에이스랩 자율주행 엔지니어,서울 강남구,에이스랩
https://kr.indeed.com/viewjob?jk=21598fa78d383d6f,[Search팀] 백엔드 개발자,서울 강남구,야놀자
https://kr.indeed.com/viewjob?jk=413d20e82e567aff,모바일 게임 백엔드 프로그래머 신입/경력 정규직,서울 서초구,롸이트핸드 엔터테인먼트
https://kr.indeed.com/viewjob?jk=754be9e3d78fa802,2021년 상반기 R&D 개발자 (병역특례 가능/경력 무관),인천 연수구,네오스텍
https://kr.indeed.com/viewjob?jk=a155db68ada3a73f,"광학솔루션사업부 경력사원 (생산/공술,제조,설비,SCM)",경기도 파주,LG이노텍
https://kr.indeed.com/viewjob?jk=6ec8d900a9ba226d,신입 및 경력직원 채용[금융컨설팅본부],서울 여의도,KIS채권평가
https://kr.indeed.com/viewjob?jk=53fbfe54f327d9dc,AI Software Engineer,경기도 성남,GE Appliances
https://kr.indeed.com/viewjob?jk=f317eb960a3ce005,Product Engineer - MPC/MDP/MDM,경기도 성남,Siemens
https://kr.indeed.com/viewjob?jk=872035f47cfd4850,자산운용팀 전략/리스크팀 퀀트(겨울방학 인턴),대한민국,마이퍼스트에셋자산운용
https://kr.indeed.com/viewjob?jk=ff27ef03ddc73690,Software Engineer,서울,Intel
https://kr.indeed.com/viewjob?jk=de52dca6c3f6a3ac,백엔드 신입/경력 정규직,서울 강남구,애드
https://kr.indeed.com/viewjob?jk=bbbfbb33164df0e3,"Junior Software Engineer, Server Platform",서울,Sendbird
https://kr.indeed.com/viewjob?jk=a5e926e1d22cdc11,각 분야별 인재 Pool 등록,서울,지투알
https://kr.indeed.com/viewjob?jk=78526735d90a85b9,"Machine Learning - iOS Software Engineer,",서울,Apple
https://kr.indeed.com/viewjob?jk=941687b6bbb14d81,웹 개발자 경력 Java/Php/Javascript/Python/Html/CSS 등 프로젝트 경력자,대전 서구,바이오브레인
https://kr.indeed.com/viewjob?jk=f28af5089e415287,HANA Development Support Engineer,서울,SAP
